id,user_id,student_id_number,birth_date,cohort_id,enrollment_status,created_at
1,1,STU-100001,2002-03-05,1,ACTIVE,2026-06-04 17:09:52.576612
2,2,STU-100002,2007-10-14,2,ACTIVE,2026-06-04 17:09:52.576653
3,3,STU-100003,2005-05-18,3,ACTIVE,2026-06-04 17:09:52.576686
4,4,STU-100004,2006-09-13,3,ACTIVE,2026-06-04 17:09:52.576716
5,5,STU-100005,2008-05-09,2,ACTIVE,2026-06-04 17:09:52.576744
6,6,STU-100006,2003-04-17,1,ACTIVE,2026-06-04 17:09:52.576772
7,7,STU-100007,2006-09-27,3,ACTIVE,2026-06-04 17:09:52.576795
8,8,STU-100008,2007-07-03,1,SUSPENDED,2026-06-04 17:09:52.576818
9,9,STU-100009,2003-11-10,1,ACTIVE,2026-06-04 17:09:52.576842
10,10,STU-100010,2004-06-16,2,ACTIVE,2026-06-04 17:09:52.576865
11,11,STU-100011,2004-02-04,3,ACTIVE,2026-06-04 17:09:52.576887
12,12,STU-100012,2004-06-01,1,ACTIVE,2026-06-04 17:09:52.576913
13,13,STU-100013,2000-10-14,1,ACTIVE,2026-06-04 17:09:52.576935
14,14,STU-100014,2001-12-12,3,ACTIVE,2026-06-04 17:09:52.576957
15,15,STU-100015,2001-04-07,1,ACTIVE,2026-06-04 17:09:52.576981
16,16,STU-100016,2005-07-26,3,ACTIVE,2026-06-04 17:09:52.577004
17,17,STU-100017,2007-04-27,1,ACTIVE,2026-06-04 17:09:52.577025
18,18,STU-100018,2007-07-29,3,ACTIVE,2026-06-04 17:09:52.577046
19,19,STU-100019,2001-06-04,2,ACTIVE,2026-06-04 17:09:52.577068
20,20,STU-100020,2008-05-07,1,ACTIVE,2026-06-04 17:09:52.577089
21,21,STU-100021,2001-09-15,3,ACTIVE,2026-06-04 17:09:52.577110
22,22,STU-100022,2000-11-23,1,ACTIVE,2026-06-04 17:09:52.577133
23,23,STU-100023,2008-06-03,3,ACTIVE,2026-06-04 17:09:52.577155
24,24,STU-100024,2004-08-09,1,ACTIVE,2026-06-04 17:09:52.577177
25,25,STU-100025,2005-03-17,3,ACTIVE,2026-06-04 17:09:52.577202
26,26,STU-100026,2003-06-24,2,ACTIVE,2026-06-04 17:09:52.577223
27,27,STU-100027,2007-08-23,2,ACTIVE,2026-06-04 17:09:52.577248
28,28,STU-100028,2007-08-10,1,ACTIVE,2026-06-04 17:09:52.577269
29,29,STU-100029,2007-09-01,3,ACTIVE,2026-06-04 17:09:52.577290
30,30,STU-100030,2006-09-16,2,ACTIVE,2026-06-04 17:09:52.577312
31,31,STU-100031,2003-05-09,2,ACTIVE,2026-06-04 17:09:52.577337
32,32,STU-100032,2005-01-06,1,ACTIVE,2026-06-04 17:09:52.577360
33,33,STU-100033,2002-04-16,2,ACTIVE,2026-06-04 17:09:52.577381
34,34,STU-100034,2007-04-11,1,ACTIVE,2026-06-04 17:09:52.577401
35,35,STU-100035,2006-12-05,2,ACTIVE,2026-06-04 17:09:52.577422
36,36,STU-100036,2005-11-24,1,ACTIVE,2026-06-04 17:09:52.577447
37,37,STU-100037,2002-12-23,3,ACTIVE,2026-06-04 17:09:52.577468
38,38,STU-100038,2006-02-26,2,ACTIVE,2026-06-04 17:09:52.577490
39,39,STU-100039,2001-03-18,3,ACTIVE,2026-06-04 17:09:52.577512
40,40,STU-100040,2003-06-29,1,ACTIVE,2026-06-04 17:09:52.577534
41,41,STU-100041,2001-06-29,1,ACTIVE,2026-06-04 17:09:52.577666
42,42,STU-100042,2007-04-21,2,ACTIVE,2026-06-04 17:09:52.577708
43,43,STU-100043,2008-01-10,2,ACTIVE,2026-06-04 17:09:52.577738
44,44,STU-100044,2001-12-27,3,ACTIVE,2026-06-04 17:09:52.577764
45,45,STU-100045,2001-08-10,2,ACTIVE,2026-06-04 17:09:52.577788
46,46,STU-100046,2007-02-28,3,ACTIVE,2026-06-04 17:09:52.577811
47,47,STU-100047,2006-07-18,3,ACTIVE,2026-06-04 17:09:52.577833
48,48,STU-100048,2002-02-01,3,ACTIVE,2026-06-04 17:09:52.577854
49,49,STU-100049,2005-04-02,1,ACTIVE,2026-06-04 17:09:52.577876
50,50,STU-100050,2008-02-02,1,ACTIVE,2026-06-04 17:09:52.577897
51,51,STU-100051,2008-06-01,1,ACTIVE,2026-06-04 17:09:52.577918
52,52,STU-100052,2003-08-26,2,ACTIVE,2026-06-04 17:09:52.577939
53,53,STU-100053,2005-05-10,1,DROPPED,2026-06-04 17:09:52.577959
54,54,STU-100054,2001-07-06,3,ACTIVE,2026-06-04 17:09:52.577981
55,55,STU-100055,2006-01-18,1,ACTIVE,2026-06-04 17:09:52.578002
56,56,STU-100056,2005-02-21,3,ACTIVE,2026-06-04 17:09:52.578023
57,57,STU-100057,2002-03-27,2,ACTIVE,2026-06-04 17:09:52.578043
58,58,STU-100058,2006-04-29,3,ACTIVE,2026-06-04 17:09:52.578066
59,59,STU-100059,2005-05-20,2,ACTIVE,2026-06-04 17:09:52.578087
60,60,STU-100060,2003-11-04,1,ACTIVE,2026-06-04 17:09:52.578107
61,61,STU-100061,2003-12-03,1,ACTIVE,2026-06-04 17:09:52.578128
62,62,STU-100062,2002-07-14,2,ACTIVE,2026-06-04 17:09:52.578148
63,63,STU-100063,2001-03-04,1,DROPPED,2026-06-04 17:09:52.578169
64,64,STU-100064,2005-09-26,2,DROPPED,2026-06-04 17:09:52.578189
65,65,STU-100065,2000-12-16,2,ACTIVE,2026-06-04 17:09:52.578209
66,66,STU-100066,2008-03-23,1,ACTIVE,2026-06-04 17:09:52.578230
67,67,STU-100067,2004-10-30,3,ACTIVE,2026-06-04 17:09:52.578250
68,68,STU-100068,2003-01-06,2,ACTIVE,2026-06-04 17:09:52.578270
69,69,STU-100069,2005-12-27,2,ACTIVE,2026-06-04 17:09:52.578290
70,70,STU-100070,2004-11-13,3,ACTIVE,2026-06-04 17:09:52.578310
71,71,STU-100071,2000-11-05,3,ACTIVE,2026-06-04 17:09:52.578330
72,72,STU-100072,2003-09-30,3,ACTIVE,2026-06-04 17:09:52.578349
73,73,STU-100073,2002-07-14,3,DROPPED,2026-06-04 17:09:52.578370
74,74,STU-100074,2001-09-28,3,ACTIVE,2026-06-04 17:09:52.578390
75,75,STU-100075,2002-09-09,3,ACTIVE,2026-06-04 17:09:52.578410
76,76,STU-100076,2007-08-20,2,ACTIVE,2026-06-04 17:09:52.578430
77,77,STU-100077,2007-11-26,1,ACTIVE,2026-06-04 17:09:52.578450
78,78,STU-100078,2001-08-18,3,ACTIVE,2026-06-04 17:09:52.578471
79,79,STU-100079,2002-01-15,3,ACTIVE,2026-06-04 17:09:52.578491
80,80,STU-100080,2002-09-09,3,ACTIVE,2026-06-04 17:09:52.578511
81,81,STU-100081,2006-10-24,1,ACTIVE,2026-06-04 17:09:52.578531
82,82,STU-100082,2003-08-20,1,ACTIVE,2026-06-04 17:09:52.578552
83,83,STU-100083,2005-02-08,1,ACTIVE,2026-06-04 17:09:52.578572
84,84,STU-100084,2005-02-11,2,ACTIVE,2026-06-04 17:09:52.578592
85,85,STU-100085,2004-06-30,1,ACTIVE,2026-06-04 17:09:52.578612
86,86,STU-100086,2006-11-01,1,ACTIVE,2026-06-04 17:09:52.578632
87,87,STU-100087,2005-02-06,3,ACTIVE,2026-06-04 17:09:52.578654
88,88,STU-100088,2000-11-28,2,ACTIVE,2026-06-04 17:09:52.578674
89,89,STU-100089,2000-10-03,3,ACTIVE,2026-06-04 17:09:52.578694
90,90,STU-100090,2003-01-19,2,ACTIVE,2026-06-04 17:09:52.578714
91,91,STU-100091,2006-08-06,2,ACTIVE,2026-06-04 17:09:52.578734
92,92,STU-100092,2001-04-12,3,ACTIVE,2026-06-04 17:09:52.578754
93,93,STU-100093,2008-05-25,2,ACTIVE,2026-06-04 17:09:52.578774
94,94,STU-100094,2001-04-05,1,SUSPENDED,2026-06-04 17:09:52.578795
95,95,STU-100095,2005-04-07,3,ACTIVE,2026-06-04 17:09:52.578814
96,96,STU-100096,2003-08-06,3,ACTIVE,2026-06-04 17:09:52.578834
97,97,STU-100097,2001-12-26,3,ACTIVE,2026-06-04 17:09:52.578854
98,98,STU-100098,2002-12-28,1,ACTIVE,2026-06-04 17:09:52.578882
99,99,STU-100099,2006-02-06,2,ACTIVE,2026-06-04 17:09:52.578909
100,100,STU-100100,2006-04-25,3,ACTIVE,2026-06-04 17:09:52.578933
101,101,STU-100101,2008-04-04,3,ACTIVE,2026-06-04 17:09:52.578953
102,102,STU-100102,2005-07-13,2,ACTIVE,2026-06-04 17:09:52.578976
103,103,STU-100103,2001-11-17,3,ACTIVE,2026-06-04 17:09:52.578999
104,104,STU-100104,2003-11-25,1,ACTIVE,2026-06-04 17:09:52.579023
105,105,STU-100105,2001-01-12,1,ACTIVE,2026-06-04 17:09:52.579043
106,106,STU-100106,2005-11-04,3,ACTIVE,2026-06-04 17:09:52.579063
107,107,STU-100107,2005-04-02,1,ACTIVE,2026-06-04 17:09:52.579083
108,108,STU-100108,2004-09-19,2,ACTIVE,2026-06-04 17:09:52.579119
109,109,STU-100109,2008-05-10,3,ACTIVE,2026-06-04 17:09:52.579147
110,110,STU-100110,2003-04-19,1,ACTIVE,2026-06-04 17:09:52.579169
111,111,STU-100111,2002-10-21,1,ACTIVE,2026-06-04 17:09:52.579189
112,112,STU-100112,2006-12-02,1,ACTIVE,2026-06-04 17:09:52.579214
113,113,STU-100113,2004-07-01,1,ACTIVE,2026-06-04 17:09:52.579238
114,114,STU-100114,2007-09-22,1,ACTIVE,2026-06-04 17:09:52.579261
115,115,STU-100115,2005-10-09,3,ACTIVE,2026-06-04 17:09:52.579284
116,116,STU-100116,2002-04-13,1,ACTIVE,2026-06-04 17:09:52.579304
117,117,STU-100117,2003-06-28,3,SUSPENDED,2026-06-04 17:09:52.579327
118,118,STU-100118,2006-01-09,1,ACTIVE,2026-06-04 17:09:52.579347
119,119,STU-100119,2007-03-30,3,ACTIVE,2026-06-04 17:09:52.579367
120,120,STU-100120,2001-10-29,1,ACTIVE,2026-06-04 17:09:52.579387
121,121,STU-100121,2005-08-04,3,ACTIVE,2026-06-04 17:09:52.579411
122,122,STU-100122,2002-11-10,3,ACTIVE,2026-06-04 17:09:52.579433
123,123,STU-100123,2005-01-22,1,ACTIVE,2026-06-04 17:09:52.579453
124,124,STU-100124,2004-12-20,2,ACTIVE,2026-06-04 17:09:52.579476
125,125,STU-100125,2005-08-22,2,ACTIVE,2026-06-04 17:09:52.579499
126,126,STU-100126,2007-08-28,2,ACTIVE,2026-06-04 17:09:52.579519
127,127,STU-100127,2006-02-19,1,ACTIVE,2026-06-04 17:09:52.579542
128,128,STU-100128,2004-05-07,2,ACTIVE,2026-06-04 17:09:52.579565
129,129,STU-100129,2001-03-19,3,ACTIVE,2026-06-04 17:09:52.579587
130,130,STU-100130,2005-10-09,3,ACTIVE,2026-06-04 17:09:52.579611
131,131,STU-100131,2004-08-29,2,ACTIVE,2026-06-04 17:09:52.579633
132,132,STU-100132,2001-07-26,1,ACTIVE,2026-06-04 17:09:52.579656
133,133,STU-100133,2006-01-02,3,ACTIVE,2026-06-04 17:09:52.579676
134,134,STU-100134,2002-01-29,1,ACTIVE,2026-06-04 17:09:52.579699
135,135,STU-100135,2007-12-29,2,ACTIVE,2026-06-04 17:09:52.579722
136,136,STU-100136,2007-06-27,3,ACTIVE,2026-06-04 17:09:52.579742
137,137,STU-100137,2002-12-28,2,ACTIVE,2026-06-04 17:09:52.579765
138,138,STU-100138,2006-04-17,2,ACTIVE,2026-06-04 17:09:52.579790
139,139,STU-100139,2003-10-06,2,ACTIVE,2026-06-04 17:09:52.579810
140,140,STU-100140,2005-06-05,1,SUSPENDED,2026-06-04 17:09:52.579833
141,141,STU-100141,2008-03-25,1,ACTIVE,2026-06-04 17:09:52.579856
142,142,STU-100142,2001-11-30,1,SUSPENDED,2026-06-04 17:09:52.579876
143,143,STU-100143,2002-10-06,2,ACTIVE,2026-06-04 17:09:52.579896
144,144,STU-100144,2007-11-10,3,DROPPED,2026-06-04 17:09:52.579920
145,145,STU-100145,2000-06-27,3,ACTIVE,2026-06-04 17:09:52.579940
146,146,STU-100146,2005-03-31,1,ACTIVE,2026-06-04 17:09:52.579965
147,147,STU-100147,2001-12-18,2,ACTIVE,2026-06-04 17:09:52.579986
148,148,STU-100148,2001-03-16,3,ACTIVE,2026-06-04 17:09:52.580008
149,149,STU-100149,2006-10-21,2,ACTIVE,2026-06-04 17:09:52.580028
150,150,STU-100150,2007-11-05,3,ACTIVE,2026-06-04 17:09:52.580049
151,151,STU-100151,2007-12-21,3,ACTIVE,2026-06-04 17:09:52.580069
152,152,STU-100152,2003-07-19,1,ACTIVE,2026-06-04 17:09:52.580089
153,153,STU-100153,2003-12-03,2,ACTIVE,2026-06-04 17:09:52.580112
154,154,STU-100154,2007-12-10,1,ACTIVE,2026-06-04 17:09:52.580134
155,155,STU-100155,2005-09-24,3,ACTIVE,2026-06-04 17:09:52.580156
156,156,STU-100156,2006-12-12,2,ACTIVE,2026-06-04 17:09:52.580178
157,157,STU-100157,2003-04-24,1,ACTIVE,2026-06-04 17:09:52.580201
158,158,STU-100158,2004-10-19,3,ACTIVE,2026-06-04 17:09:52.580224
159,159,STU-100159,2003-10-10,3,ACTIVE,2026-06-04 17:09:52.580247
160,160,STU-100160,2001-07-31,3,DROPPED,2026-06-04 17:09:52.580274
161,161,STU-100161,2001-03-09,2,ACTIVE,2026-06-04 17:09:52.580296
162,162,STU-100162,2001-10-09,2,ACTIVE,2026-06-04 17:09:52.580319
163,163,STU-100163,2004-06-04,2,ACTIVE,2026-06-04 17:09:52.580339
164,164,STU-100164,2004-03-08,1,ACTIVE,2026-06-04 17:09:52.580362
165,165,STU-100165,2006-08-30,1,ACTIVE,2026-06-04 17:09:52.580381
166,166,STU-100166,2002-03-11,2,ACTIVE,2026-06-04 17:09:52.580406
167,167,STU-100167,2005-06-14,2,ACTIVE,2026-06-04 17:09:52.580429
168,168,STU-100168,2004-02-08,2,ACTIVE,2026-06-04 17:09:52.580449
169,169,STU-100169,2006-04-13,1,ACTIVE,2026-06-04 17:09:52.580471
170,170,STU-100170,2005-04-19,3,ACTIVE,2026-06-04 17:09:52.580494
171,171,STU-100171,2005-03-20,3,ACTIVE,2026-06-04 17:09:52.580513
172,172,STU-100172,2001-07-01,2,ACTIVE,2026-06-04 17:09:52.580536
173,173,STU-100173,2005-04-12,3,ACTIVE,2026-06-04 17:09:52.580562
174,174,STU-100174,2001-01-26,2,ACTIVE,2026-06-04 17:09:52.580583
175,175,STU-100175,2001-07-06,1,DROPPED,2026-06-04 17:09:52.580608
176,176,STU-100176,2007-11-24,2,ACTIVE,2026-06-04 17:09:52.580628
177,177,STU-100177,2001-08-14,1,ACTIVE,2026-06-04 17:09:52.580650
178,178,STU-100178,2002-07-02,1,ACTIVE,2026-06-04 17:09:52.580673
179,179,STU-100179,2007-04-18,2,ACTIVE,2026-06-04 17:09:52.580694
180,180,STU-100180,2004-05-25,1,ACTIVE,2026-06-04 17:09:52.580720
181,181,STU-100181,2002-05-11,3,ACTIVE,2026-06-04 17:09:52.580740
182,182,STU-100182,2004-05-13,2,ACTIVE,2026-06-04 17:09:52.580763
183,183,STU-100183,2005-01-25,3,ACTIVE,2026-06-04 17:09:52.580788
184,184,STU-100184,2002-06-22,1,ACTIVE,2026-06-04 17:09:52.580808
185,185,STU-100185,2004-03-11,1,ACTIVE,2026-06-04 17:09:52.580828
186,186,STU-100186,2002-03-16,2,ACTIVE,2026-06-04 17:09:52.580848
187,187,STU-100187,2002-07-06,3,ACTIVE,2026-06-04 17:09:52.580873
188,188,STU-100188,2007-11-01,3,ACTIVE,2026-06-04 17:09:52.580896
189,189,STU-100189,2005-06-23,1,ACTIVE,2026-06-04 17:09:52.580918
190,190,STU-100190,2002-10-14,3,ACTIVE,2026-06-04 17:09:52.580938
191,191,STU-100191,2008-03-26,2,ACTIVE,2026-06-04 17:09:52.580961
192,192,STU-100192,2005-06-18,2,ACTIVE,2026-06-04 17:09:52.580984
193,193,STU-100193,2007-06-23,3,ACTIVE,2026-06-04 17:09:52.581004
194,194,STU-100194,2001-11-06,2,ACTIVE,2026-06-04 17:09:52.581026
195,195,STU-100195,2003-11-12,1,DROPPED,2026-06-04 17:09:52.581049
196,196,STU-100196,2008-03-18,3,SUSPENDED,2026-06-04 17:09:52.581071
197,197,STU-100197,2001-12-19,3,ACTIVE,2026-06-04 17:09:52.581094
198,198,STU-100198,2002-06-13,2,ACTIVE,2026-06-04 17:09:52.581117
199,199,STU-100199,2002-09-08,2,ACTIVE,2026-06-04 17:09:52.581139
200,200,STU-100200,2001-01-23,1,ACTIVE,2026-06-04 17:09:52.581162
201,201,STU-100201,2005-03-22,3,ACTIVE,2026-06-04 17:09:52.581185
202,202,STU-100202,2002-07-31,3,ACTIVE,2026-06-04 17:09:52.581206
203,203,STU-100203,2008-01-28,3,ACTIVE,2026-06-04 17:09:52.581228
204,204,STU-100204,2005-11-23,1,DROPPED,2026-06-04 17:09:52.581253
205,205,STU-100205,2006-02-19,2,ACTIVE,2026-06-04 17:09:52.581276
206,206,STU-100206,2002-09-07,2,ACTIVE,2026-06-04 17:09:52.581296
207,207,STU-100207,2004-10-26,3,ACTIVE,2026-06-04 17:09:52.581315
208,208,STU-100208,2006-07-03,3,ACTIVE,2026-06-04 17:09:52.581335
209,209,STU-100209,2005-08-28,2,ACTIVE,2026-06-04 17:09:52.581355
210,210,STU-100210,2002-03-09,1,SUSPENDED,2026-06-04 17:09:52.581375
211,211,STU-100211,2001-03-06,2,ACTIVE,2026-06-04 17:09:52.581394
212,212,STU-100212,2002-07-01,2,SUSPENDED,2026-06-04 17:09:52.581419
213,213,STU-100213,2005-03-27,3,ACTIVE,2026-06-04 17:09:52.581444
214,214,STU-100214,2004-01-12,2,ACTIVE,2026-06-04 17:09:52.581464
215,215,STU-100215,2005-03-01,1,ACTIVE,2026-06-04 17:09:52.581484
216,216,STU-100216,2006-09-01,3,ACTIVE,2026-06-04 17:09:52.581509
217,217,STU-100217,2003-05-30,3,ACTIVE,2026-06-04 17:09:52.581529
218,218,STU-100218,2007-04-14,3,ACTIVE,2026-06-04 17:09:52.581552
219,219,STU-100219,2007-03-01,2,ACTIVE,2026-06-04 17:09:52.581572
220,220,STU-100220,2007-11-21,1,ACTIVE,2026-06-04 17:09:52.581594
221,221,STU-100221,2005-06-21,2,ACTIVE,2026-06-04 17:09:52.581617
222,222,STU-100222,2003-06-16,2,ACTIVE,2026-06-04 17:09:52.581640
223,223,STU-100223,2003-12-17,1,ACTIVE,2026-06-04 17:09:52.581662
224,224,STU-100224,2004-10-08,1,ACTIVE,2026-06-04 17:09:52.581682
225,225,STU-100225,2000-06-20,3,ACTIVE,2026-06-04 17:09:52.581705
226,226,STU-100226,2005-09-27,3,ACTIVE,2026-06-04 17:09:52.581728
227,227,STU-100227,2002-08-13,2,ACTIVE,2026-06-04 17:09:52.581748
228,228,STU-100228,2002-07-16,3,ACTIVE,2026-06-04 17:09:52.581771
229,229,STU-100229,2007-04-25,3,ACTIVE,2026-06-04 17:09:52.581794
230,230,STU-100230,2005-04-02,2,ACTIVE,2026-06-04 17:09:52.581817
231,231,STU-100231,2002-06-02,2,ACTIVE,2026-06-04 17:09:52.581838
232,232,STU-100232,2002-06-13,1,ACTIVE,2026-06-04 17:09:52.581861
233,233,STU-100233,2004-10-20,3,ACTIVE,2026-06-04 17:09:52.581884
234,234,STU-100234,2002-12-30,1,ACTIVE,2026-06-04 17:09:52.581907
235,235,STU-100235,2003-01-12,2,ACTIVE,2026-06-04 17:09:52.581931
236,236,STU-100236,2005-04-26,1,ACTIVE,2026-06-04 17:09:52.581950
237,237,STU-100237,2001-11-11,2,ACTIVE,2026-06-04 17:09:52.581973
238,238,STU-100238,2001-07-13,3,ACTIVE,2026-06-04 17:09:52.581996
239,239,STU-100239,2002-06-20,3,ACTIVE,2026-06-04 17:09:52.582019
240,240,STU-100240,2007-01-31,3,ACTIVE,2026-06-04 17:09:52.582042
241,241,STU-100241,2006-03-23,1,ACTIVE,2026-06-04 17:09:52.582065
242,242,STU-100242,2007-04-16,1,ACTIVE,2026-06-04 17:09:52.582088
243,243,STU-100243,2007-11-01,1,ACTIVE,2026-06-04 17:09:52.582107
244,244,STU-100244,2008-05-04,3,ACTIVE,2026-06-04 17:09:52.582130
245,245,STU-100245,2004-12-05,3,ACTIVE,2026-06-04 17:09:52.582150
246,246,STU-100246,2001-04-18,1,ACTIVE,2026-06-04 17:09:52.582173
247,247,STU-100247,2007-09-18,2,ACTIVE,2026-06-04 17:09:52.582193
248,248,STU-100248,2005-01-18,2,ACTIVE,2026-06-04 17:09:52.582213
249,249,STU-100249,2006-05-06,1,ACTIVE,2026-06-04 17:09:52.582233
250,250,STU-100250,2008-01-11,1,ACTIVE,2026-06-04 17:09:52.582253
251,251,STU-100251,2005-05-13,3,ACTIVE,2026-06-04 17:09:52.582273
252,252,STU-100252,2003-07-13,1,ACTIVE,2026-06-04 17:09:52.582293
253,253,STU-100253,2001-11-21,1,ACTIVE,2026-06-04 17:09:52.582316
254,254,STU-100254,2001-11-25,2,ACTIVE,2026-06-04 17:09:52.582341
255,255,STU-100255,2006-11-12,3,SUSPENDED,2026-06-04 17:09:52.582362
256,256,STU-100256,2003-09-21,3,ACTIVE,2026-06-04 17:09:52.582387
257,257,STU-100257,2004-05-18,2,ACTIVE,2026-06-04 17:09:52.582408
258,258,STU-100258,2004-09-16,1,DROPPED,2026-06-04 17:09:52.582430
259,259,STU-100259,2008-04-28,3,ACTIVE,2026-06-04 17:09:52.582456
260,260,STU-100260,2006-01-13,3,ACTIVE,2026-06-04 17:09:52.582476
261,261,STU-100261,2001-10-25,2,ACTIVE,2026-06-04 17:09:52.582496
262,262,STU-100262,2005-10-01,3,ACTIVE,2026-06-04 17:09:52.582519
263,263,STU-100263,2003-07-26,3,SUSPENDED,2026-06-04 17:09:52.582539
264,264,STU-100264,2001-04-26,1,ACTIVE,2026-06-04 17:09:52.582562
265,265,STU-100265,2004-06-11,1,ACTIVE,2026-06-04 17:09:52.582590
266,266,STU-100266,2007-03-04,3,ACTIVE,2026-06-04 17:09:52.582613
267,267,STU-100267,2002-04-24,3,ACTIVE,2026-06-04 17:09:52.582632
268,268,STU-100268,2003-06-06,2,ACTIVE,2026-06-04 17:09:52.582655
269,269,STU-100269,2002-04-18,1,ACTIVE,2026-06-04 17:09:52.582675
270,270,STU-100270,2002-07-18,1,ACTIVE,2026-06-04 17:09:52.582695
271,271,STU-100271,2005-10-28,2,ACTIVE,2026-06-04 17:09:52.582780
272,272,STU-100272,2007-06-12,2,ACTIVE,2026-06-04 17:09:52.582839
273,273,STU-100273,2001-12-09,3,ACTIVE,2026-06-04 17:09:52.582881
274,274,STU-100274,2006-07-23,2,ACTIVE,2026-06-04 17:09:52.582912
275,275,STU-100275,2007-01-28,3,ACTIVE,2026-06-04 17:09:52.582936
276,276,STU-100276,2000-12-22,3,ACTIVE,2026-06-04 17:09:52.582963
277,277,STU-100277,2005-05-12,1,ACTIVE,2026-06-04 17:09:52.582985
278,278,STU-100278,2004-04-08,1,ACTIVE,2026-06-04 17:09:52.583007
279,279,STU-100279,2003-06-12,1,ACTIVE,2026-06-04 17:09:52.583032
280,280,STU-100280,2005-02-22,1,DROPPED,2026-06-04 17:09:52.583055
281,281,STU-100281,2007-01-23,3,ACTIVE,2026-06-04 17:09:52.583079
282,282,STU-100282,2002-06-18,3,ACTIVE,2026-06-04 17:09:52.583100
283,283,STU-100283,2007-05-16,3,ACTIVE,2026-06-04 17:09:52.583121
284,284,STU-100284,2002-11-21,2,SUSPENDED,2026-06-04 17:09:52.583141
285,285,STU-100285,2003-07-23,2,ACTIVE,2026-06-04 17:09:52.583162
286,286,STU-100286,2000-10-11,1,ACTIVE,2026-06-04 17:09:52.583188
287,287,STU-100287,2007-12-17,3,ACTIVE,2026-06-04 17:09:52.583212
288,288,STU-100288,2000-11-23,2,ACTIVE,2026-06-04 17:09:52.583233
289,289,STU-100289,2007-11-11,3,ACTIVE,2026-06-04 17:09:52.583253
290,290,STU-100290,2001-03-21,3,ACTIVE,2026-06-04 17:09:52.583275
291,291,STU-100291,2003-03-26,2,DROPPED,2026-06-04 17:09:52.583299
292,292,STU-100292,2005-07-26,1,ACTIVE,2026-06-04 17:09:52.583323
293,293,STU-100293,2003-10-31,1,ACTIVE,2026-06-04 17:09:52.583344
294,294,STU-100294,2001-07-05,2,DROPPED,2026-06-04 17:09:52.583364
295,295,STU-100295,2007-07-13,3,ACTIVE,2026-06-04 17:09:52.583385
296,296,STU-100296,2003-02-10,3,ACTIVE,2026-06-04 17:09:52.583406
297,297,STU-100297,2001-05-06,3,ACTIVE,2026-06-04 17:09:52.583430
298,298,STU-100298,2001-05-21,2,SUSPENDED,2026-06-04 17:09:52.583450
299,299,STU-100299,2003-08-12,2,ACTIVE,2026-06-04 17:09:52.583473
300,300,STU-100300,2008-03-10,2,ACTIVE,2026-06-04 17:09:52.583494
301,301,STU-100301,2002-12-02,3,ACTIVE,2026-06-04 17:09:52.583519
302,302,STU-100302,2006-02-23,2,ACTIVE,2026-06-04 17:09:52.583542
303,303,STU-100303,2005-12-26,3,ACTIVE,2026-06-04 17:09:52.583562
304,304,STU-100304,2004-06-01,2,ACTIVE,2026-06-04 17:09:52.583585
305,305,STU-100305,2008-03-13,3,ACTIVE,2026-06-04 17:09:52.583605
306,306,STU-100306,2005-03-31,3,ACTIVE,2026-06-04 17:09:52.583629
307,307,STU-100307,2000-09-08,2,ACTIVE,2026-06-04 17:09:52.583656
308,308,STU-100308,2002-06-30,3,ACTIVE,2026-06-04 17:09:52.583676
309,309,STU-100309,2007-01-09,3,ACTIVE,2026-06-04 17:09:52.583703
310,310,STU-100310,2008-02-23,2,ACTIVE,2026-06-04 17:09:52.583728
311,311,STU-100311,2005-09-20,1,ACTIVE,2026-06-04 17:09:52.583748
312,312,STU-100312,2002-06-14,3,ACTIVE,2026-06-04 17:09:52.583769
313,313,STU-100313,2002-05-09,3,ACTIVE,2026-06-04 17:09:52.583793
314,314,STU-100314,2000-08-28,2,ACTIVE,2026-06-04 17:09:52.583816
315,315,STU-100315,2004-09-19,3,ACTIVE,2026-06-04 17:09:52.583836
316,316,STU-100316,2005-06-16,2,ACTIVE,2026-06-04 17:09:52.583859
317,317,STU-100317,2007-12-22,2,ACTIVE,2026-06-04 17:09:52.583879
318,318,STU-100318,2005-06-20,3,ACTIVE,2026-06-04 17:09:52.583902
319,319,STU-100319,2003-12-14,2,ACTIVE,2026-06-04 17:09:52.583925
320,320,STU-100320,2008-05-03,1,ACTIVE,2026-06-04 17:09:52.583948
321,321,STU-100321,2005-02-05,1,ACTIVE,2026-06-04 17:09:52.583968
322,322,STU-100322,2003-11-06,2,ACTIVE,2026-06-04 17:09:52.583990
323,323,STU-100323,2000-07-09,1,ACTIVE,2026-06-04 17:09:52.584013
324,324,STU-100324,2006-08-28,3,ACTIVE,2026-06-04 17:09:52.584036
325,325,STU-100325,2003-07-29,2,ACTIVE,2026-06-04 17:09:52.584060
326,326,STU-100326,2008-03-27,1,ACTIVE,2026-06-04 17:09:52.584082
327,327,STU-100327,2002-10-12,2,ACTIVE,2026-06-04 17:09:52.584102
328,328,STU-100328,2007-04-19,2,DROPPED,2026-06-04 17:09:52.584125
329,329,STU-100329,2004-10-24,3,ACTIVE,2026-06-04 17:09:52.584146
330,330,STU-100330,2004-10-23,2,ACTIVE,2026-06-04 17:09:52.584169
331,331,STU-100331,2001-03-12,1,ACTIVE,2026-06-04 17:09:52.584189
332,332,STU-100332,2003-09-20,3,ACTIVE,2026-06-04 17:09:52.584216
333,333,STU-100333,2000-12-18,3,ACTIVE,2026-06-04 17:09:52.584240
334,334,STU-100334,2006-05-03,1,ACTIVE,2026-06-04 17:09:52.584263
335,335,STU-100335,2007-01-14,1,ACTIVE,2026-06-04 17:09:52.584283
336,336,STU-100336,2004-03-04,1,ACTIVE,2026-06-04 17:09:52.584306
337,337,STU-100337,2005-06-21,1,ACTIVE,2026-06-04 17:09:52.584326
338,338,STU-100338,2002-12-29,3,ACTIVE,2026-06-04 17:09:52.584352
339,339,STU-100339,2004-08-02,3,ACTIVE,2026-06-04 17:09:52.584373
340,340,STU-100340,2006-01-21,3,ACTIVE,2026-06-04 17:09:52.584392
341,341,STU-100341,2000-08-22,3,ACTIVE,2026-06-04 17:09:52.584418
342,342,STU-100342,2000-09-22,2,ACTIVE,2026-06-04 17:09:52.584438
343,343,STU-100343,2002-02-16,2,ACTIVE,2026-06-04 17:09:52.584463
344,344,STU-100344,2003-02-06,3,ACTIVE,2026-06-04 17:09:52.584486
345,345,STU-100345,2004-10-07,2,ACTIVE,2026-06-04 17:09:52.584509
346,346,STU-100346,2007-10-02,3,DROPPED,2026-06-04 17:09:52.584532
347,347,STU-100347,2007-06-13,3,ACTIVE,2026-06-04 17:09:52.584552
348,348,STU-100348,2008-03-15,2,ACTIVE,2026-06-04 17:09:52.584575
349,349,STU-100349,2004-05-12,3,ACTIVE,2026-06-04 17:09:52.584595
350,350,STU-100350,2003-12-11,3,ACTIVE,2026-06-04 17:09:52.584615
351,351,STU-100351,2006-09-12,1,ACTIVE,2026-06-04 17:09:52.584638
352,352,STU-100352,2002-07-13,2,ACTIVE,2026-06-04 17:09:52.584661
353,353,STU-100353,2007-11-21,1,ACTIVE,2026-06-04 17:09:52.584686
354,354,STU-100354,2001-09-27,1,ACTIVE,2026-06-04 17:09:52.584707
355,355,STU-100355,2007-02-27,1,ACTIVE,2026-06-04 17:09:52.584727
356,356,STU-100356,2003-12-25,3,ACTIVE,2026-06-04 17:09:52.584747
357,357,STU-100357,2008-03-14,2,ACTIVE,2026-06-04 17:09:52.584767
358,358,STU-100358,2005-12-09,2,ACTIVE,2026-06-04 17:09:52.584787
359,359,STU-100359,2004-04-26,3,ACTIVE,2026-06-04 17:09:52.584806
360,360,STU-100360,2007-05-27,3,SUSPENDED,2026-06-04 17:09:52.584826
361,361,STU-100361,2004-05-07,3,ACTIVE,2026-06-04 17:09:52.584849
362,362,STU-100362,2001-08-05,2,ACTIVE,2026-06-04 17:09:52.584869
363,363,STU-100363,2008-03-21,1,ACTIVE,2026-06-04 17:09:52.584888
364,364,STU-100364,2007-05-14,2,ACTIVE,2026-06-04 17:09:52.584911
365,365,STU-100365,2006-09-15,1,ACTIVE,2026-06-04 17:09:52.584931
366,366,STU-100366,2003-02-01,3,ACTIVE,2026-06-04 17:09:52.584954
367,367,STU-100367,2007-05-12,3,ACTIVE,2026-06-04 17:09:52.584974
368,368,STU-100368,2007-07-07,1,ACTIVE,2026-06-04 17:09:52.584998
369,369,STU-100369,2007-03-12,1,ACTIVE,2026-06-04 17:09:52.585017
370,370,STU-100370,2006-10-07,3,ACTIVE,2026-06-04 17:09:52.585037
371,371,STU-100371,2003-06-06,3,ACTIVE,2026-06-04 17:09:52.585060
372,372,STU-100372,2007-09-19,3,ACTIVE,2026-06-04 17:09:52.585081
373,373,STU-100373,2004-04-23,3,ACTIVE,2026-06-04 17:09:52.585101
374,374,STU-100374,2007-10-08,1,ACTIVE,2026-06-04 17:09:52.585121
375,375,STU-100375,2004-08-17,2,ACTIVE,2026-06-04 17:09:52.585143
376,376,STU-100376,2005-09-28,1,ACTIVE,2026-06-04 17:09:52.585163
377,377,STU-100377,2000-12-17,3,ACTIVE,2026-06-04 17:09:52.585186
378,378,STU-100378,2004-07-28,3,ACTIVE,2026-06-04 17:09:52.585209
379,379,STU-100379,2007-10-01,3,ACTIVE,2026-06-04 17:09:52.585231
380,380,STU-100380,2007-12-21,2,ACTIVE,2026-06-04 17:09:52.585254
381,381,STU-100381,2006-01-13,2,ACTIVE,2026-06-04 17:09:52.585276
382,382,STU-100382,2002-07-10,3,ACTIVE,2026-06-04 17:09:52.585296
383,383,STU-100383,2001-11-23,1,ACTIVE,2026-06-04 17:09:52.585320
384,384,STU-100384,2003-02-02,1,ACTIVE,2026-06-04 17:09:52.585343
385,385,STU-100385,2007-02-04,2,ACTIVE,2026-06-04 17:09:52.585363
386,386,STU-100386,2002-08-11,2,ACTIVE,2026-06-04 17:09:52.585385
387,387,STU-100387,2007-04-17,3,ACTIVE,2026-06-04 17:09:52.585408
388,388,STU-100388,2003-05-10,1,ACTIVE,2026-06-04 17:09:52.585434
389,389,STU-100389,2007-09-09,2,ACTIVE,2026-06-04 17:09:52.585453
390,390,STU-100390,2004-10-19,2,ACTIVE,2026-06-04 17:09:52.585478
391,391,STU-100391,2005-01-20,3,ACTIVE,2026-06-04 17:09:52.585501
392,392,STU-100392,2006-06-28,2,ACTIVE,2026-06-04 17:09:52.585521
393,393,STU-100393,2005-07-05,3,SUSPENDED,2026-06-04 17:09:52.585542
394,394,STU-100394,2001-06-20,3,ACTIVE,2026-06-04 17:09:52.585564
395,395,STU-100395,2003-09-27,1,ACTIVE,2026-06-04 17:09:52.585584
396,396,STU-100396,2003-07-08,2,ACTIVE,2026-06-04 17:09:52.585604
397,397,STU-100397,2004-07-30,3,ACTIVE,2026-06-04 17:09:52.585630
398,398,STU-100398,2005-10-26,3,ACTIVE,2026-06-04 17:09:52.585652
399,399,STU-100399,2005-12-21,1,ACTIVE,2026-06-04 17:09:52.585674
400,400,STU-100400,2000-10-12,1,ACTIVE,2026-06-04 17:09:52.585699
401,401,STU-100401,2004-07-29,3,ACTIVE,2026-06-04 17:09:52.585724
402,402,STU-100402,2008-05-01,1,ACTIVE,2026-06-04 17:09:52.585748
403,403,STU-100403,2000-12-06,2,ACTIVE,2026-06-04 17:09:52.585768
404,404,STU-100404,2005-10-19,3,ACTIVE,2026-06-04 17:09:52.585790
405,405,STU-100405,2005-05-09,2,ACTIVE,2026-06-04 17:09:52.585810
406,406,STU-100406,2005-08-25,1,ACTIVE,2026-06-04 17:09:52.585833
407,407,STU-100407,2001-08-30,3,ACTIVE,2026-06-04 17:09:52.585853
408,408,STU-100408,2004-08-27,2,ACTIVE,2026-06-04 17:09:52.585876
409,409,STU-100409,2001-07-18,3,ACTIVE,2026-06-04 17:09:52.585896
410,410,STU-100410,2002-05-09,1,ACTIVE,2026-06-04 17:09:52.585916
411,411,STU-100411,2006-07-20,2,ACTIVE,2026-06-04 17:09:52.585935
412,412,STU-100412,2008-01-23,3,ACTIVE,2026-06-04 17:09:52.585959
413,413,STU-100413,2000-06-15,2,ACTIVE,2026-06-04 17:09:52.585982
414,414,STU-100414,2006-07-16,3,ACTIVE,2026-06-04 17:09:52.586005
415,415,STU-100415,2006-02-12,2,ACTIVE,2026-06-04 17:09:52.586025
416,416,STU-100416,2002-12-10,1,ACTIVE,2026-06-04 17:09:52.586048
417,417,STU-100417,2005-05-07,3,ACTIVE,2026-06-04 17:09:52.586068
418,418,STU-100418,2003-08-18,3,ACTIVE,2026-06-04 17:09:52.586090
419,419,STU-100419,2003-12-25,2,ACTIVE,2026-06-04 17:09:52.586110
420,420,STU-100420,2007-08-03,2,ACTIVE,2026-06-04 17:09:52.586133
421,421,STU-100421,2002-10-16,2,ACTIVE,2026-06-04 17:09:52.586159
422,422,STU-100422,2004-08-26,2,ACTIVE,2026-06-04 17:09:52.586180
423,423,STU-100423,2002-08-24,3,ACTIVE,2026-06-04 17:09:52.586203
424,424,STU-100424,2006-10-16,3,ACTIVE,2026-06-04 17:09:52.586226
425,425,STU-100425,2008-01-22,2,ACTIVE,2026-06-04 17:09:52.586248
426,426,STU-100426,2003-11-29,1,DROPPED,2026-06-04 17:09:52.586271
427,427,STU-100427,2007-09-09,1,ACTIVE,2026-06-04 17:09:52.586294
428,428,STU-100428,2004-10-26,2,ACTIVE,2026-06-04 17:09:52.586314
429,429,STU-100429,2001-02-28,2,ACTIVE,2026-06-04 17:09:52.586337
430,430,STU-100430,2002-08-16,1,ACTIVE,2026-06-04 17:09:52.586360
431,431,STU-100431,2000-10-29,1,ACTIVE,2026-06-04 17:09:52.586382
432,432,STU-100432,2001-07-07,1,ACTIVE,2026-06-04 17:09:52.586402
433,433,STU-100433,2000-07-28,1,ACTIVE,2026-06-04 17:09:52.586422
434,434,STU-100434,2002-05-17,3,ACTIVE,2026-06-04 17:09:52.586445
435,435,STU-100435,2007-01-21,1,ACTIVE,2026-06-04 17:09:52.586468
436,436,STU-100436,2003-10-10,2,ACTIVE,2026-06-04 17:09:52.586490
437,437,STU-100437,2004-12-07,3,ACTIVE,2026-06-04 17:09:52.586513
438,438,STU-100438,2001-07-21,3,ACTIVE,2026-06-04 17:09:52.586536
439,439,STU-100439,2007-12-11,2,ACTIVE,2026-06-04 17:09:52.586558
440,440,STU-100440,2005-11-25,2,ACTIVE,2026-06-04 17:09:52.586578
441,441,STU-100441,2006-05-10,2,ACTIVE,2026-06-04 17:09:52.586600
442,442,STU-100442,2007-03-27,3,ACTIVE,2026-06-04 17:09:52.586623
443,443,STU-100443,2004-01-17,3,ACTIVE,2026-06-04 17:09:52.586643
444,444,STU-100444,2003-11-03,3,ACTIVE,2026-06-04 17:09:52.586666
445,445,STU-100445,2003-06-10,1,ACTIVE,2026-06-04 17:09:52.586686
446,446,STU-100446,2004-09-27,2,ACTIVE,2026-06-04 17:09:52.586709
447,447,STU-100447,2003-05-29,1,SUSPENDED,2026-06-04 17:09:52.586731
448,448,STU-100448,2004-11-18,2,ACTIVE,2026-06-04 17:09:52.586754
449,449,STU-100449,2007-10-31,1,ACTIVE,2026-06-04 17:09:52.586777
450,450,STU-100450,2007-05-05,1,ACTIVE,2026-06-04 17:09:52.586800
451,451,STU-100451,2005-01-31,2,ACTIVE,2026-06-04 17:09:52.586823
452,452,STU-100452,2005-06-19,3,ACTIVE,2026-06-04 17:09:52.586843
453,453,STU-100453,2008-01-14,3,ACTIVE,2026-06-04 17:09:52.586863
454,454,STU-100454,2001-04-19,1,ACTIVE,2026-06-04 17:09:52.586885
455,455,STU-100455,2001-05-27,1,ACTIVE,2026-06-04 17:09:52.586909
456,456,STU-100456,2004-06-22,1,ACTIVE,2026-06-04 17:09:52.586933
457,457,STU-100457,2002-02-24,3,ACTIVE,2026-06-04 17:09:52.586956
458,458,STU-100458,2001-03-11,2,ACTIVE,2026-06-04 17:09:52.586978
459,459,STU-100459,2000-08-10,1,ACTIVE,2026-06-04 17:09:52.587000
460,460,STU-100460,2002-10-28,2,ACTIVE,2026-06-04 17:09:52.587023
461,461,STU-100461,2006-05-04,3,ACTIVE,2026-06-04 17:09:52.587045
462,462,STU-100462,2005-05-20,1,ACTIVE,2026-06-04 17:09:52.587068
463,463,STU-100463,2004-09-28,2,ACTIVE,2026-06-04 17:09:52.587087
464,464,STU-100464,2005-05-14,2,ACTIVE,2026-06-04 17:09:52.587110
465,465,STU-100465,2003-05-09,3,ACTIVE,2026-06-04 17:09:52.587132
466,466,STU-100466,2000-08-23,2,ACTIVE,2026-06-04 17:09:52.587156
467,467,STU-100467,2001-05-08,2,ACTIVE,2026-06-04 17:09:52.587178
468,468,STU-100468,2002-07-29,3,ACTIVE,2026-06-04 17:09:52.587201
469,469,STU-100469,2002-11-02,2,ACTIVE,2026-06-04 17:09:52.587224
470,470,STU-100470,2002-10-08,2,ACTIVE,2026-06-04 17:09:52.587245
471,471,STU-100471,2002-05-07,1,ACTIVE,2026-06-04 17:09:52.587267
472,472,STU-100472,2005-03-01,2,ACTIVE,2026-06-04 17:09:52.587290
473,473,STU-100473,2003-08-30,3,ACTIVE,2026-06-04 17:09:52.587312
474,474,STU-100474,2007-08-30,1,ACTIVE,2026-06-04 17:09:52.587336
475,475,STU-100475,2006-11-29,1,ACTIVE,2026-06-04 17:09:52.587356
476,476,STU-100476,2004-10-24,1,ACTIVE,2026-06-04 17:09:52.587379
477,477,STU-100477,2005-08-19,2,ACTIVE,2026-06-04 17:09:52.587402
478,478,STU-100478,2004-06-21,1,ACTIVE,2026-06-04 17:09:52.587425
479,479,STU-100479,2001-06-26,1,SUSPENDED,2026-06-04 17:09:52.587448
480,480,STU-100480,2006-11-27,3,ACTIVE,2026-06-04 17:09:52.587470
481,481,STU-100481,2008-02-22,3,ACTIVE,2026-06-04 17:09:52.587493
482,482,STU-100482,2000-12-01,3,ACTIVE,2026-06-04 17:09:52.587517
483,483,STU-100483,2001-01-13,2,ACTIVE,2026-06-04 17:09:52.587540
484,484,STU-100484,2001-02-09,1,ACTIVE,2026-06-04 17:09:52.587563
485,485,STU-100485,2006-07-11,1,DROPPED,2026-06-04 17:09:52.587586
486,486,STU-100486,2005-03-27,1,ACTIVE,2026-06-04 17:09:52.587607
487,487,STU-100487,2006-04-02,1,ACTIVE,2026-06-04 17:09:52.587629
488,488,STU-100488,2004-01-29,1,ACTIVE,2026-06-04 17:09:52.587653
489,489,STU-100489,2001-08-24,2,ACTIVE,2026-06-04 17:09:52.587675
490,490,STU-100490,2003-09-17,3,ACTIVE,2026-06-04 17:09:52.587698
491,491,STU-100491,2005-03-21,1,ACTIVE,2026-06-04 17:09:52.587721
492,492,STU-100492,2006-01-11,2,ACTIVE,2026-06-04 17:09:52.587744
493,493,STU-100493,2007-12-30,2,ACTIVE,2026-06-04 17:09:52.587769
494,494,STU-100494,2006-11-27,1,DROPPED,2026-06-04 17:09:52.587792
495,495,STU-100495,2001-02-24,2,ACTIVE,2026-06-04 17:09:52.587815
496,496,STU-100496,2005-04-05,2,ACTIVE,2026-06-04 17:09:52.587838
497,497,STU-100497,2005-10-17,1,ACTIVE,2026-06-04 17:09:52.587861
498,498,STU-100498,2003-07-01,3,ACTIVE,2026-06-04 17:09:52.587883
499,499,STU-100499,2005-04-26,3,ACTIVE,2026-06-04 17:09:52.587905
500,500,STU-100500,2000-11-24,1,ACTIVE,2026-06-04 17:09:52.587925
501,501,STU-100501,2007-08-24,2,ACTIVE,2026-06-04 17:09:52.587947
502,502,STU-100502,2004-10-14,1,ACTIVE,2026-06-04 17:09:52.587972
503,503,STU-100503,2001-07-31,2,ACTIVE,2026-06-04 17:09:52.587997
504,504,STU-100504,2006-04-30,2,ACTIVE,2026-06-04 17:09:52.588018
505,505,STU-100505,2006-07-08,2,ACTIVE,2026-06-04 17:09:52.588042
506,506,STU-100506,2008-04-19,2,ACTIVE,2026-06-04 17:09:52.588061
507,507,STU-100507,2007-07-04,1,ACTIVE,2026-06-04 17:09:52.588084
508,508,STU-100508,2005-05-02,2,ACTIVE,2026-06-04 17:09:52.588104
509,509,STU-100509,2004-08-19,2,DROPPED,2026-06-04 17:09:52.588124
510,510,STU-100510,2002-07-23,1,ACTIVE,2026-06-04 17:09:52.588146
511,511,STU-100511,2003-11-26,1,ACTIVE,2026-06-04 17:09:52.588166
512,512,STU-100512,2008-01-07,1,ACTIVE,2026-06-04 17:09:52.588185
513,513,STU-100513,2004-11-28,2,ACTIVE,2026-06-04 17:09:52.588210
514,514,STU-100514,2005-11-30,1,ACTIVE,2026-06-04 17:09:52.588230
515,515,STU-100515,2004-10-21,1,ACTIVE,2026-06-04 17:09:52.588250
516,516,STU-100516,2001-07-04,3,ACTIVE,2026-06-04 17:09:52.588273
517,517,STU-100517,2007-05-29,2,ACTIVE,2026-06-04 17:09:52.588296
518,518,STU-100518,2002-01-03,3,ACTIVE,2026-06-04 17:09:52.588315
519,519,STU-100519,2002-07-25,2,ACTIVE,2026-06-04 17:09:52.588337
520,520,STU-100520,2004-03-12,2,ACTIVE,2026-06-04 17:09:52.588356
521,521,STU-100521,2002-09-14,2,ACTIVE,2026-06-04 17:09:52.588376
522,522,STU-100522,2002-04-17,1,ACTIVE,2026-06-04 17:09:52.588396
523,523,STU-100523,2004-07-07,2,ACTIVE,2026-06-04 17:09:52.588416
524,524,STU-100524,2004-03-14,3,ACTIVE,2026-06-04 17:09:52.588436
525,525,STU-100525,2004-10-08,3,ACTIVE,2026-06-04 17:09:52.588455
526,526,STU-100526,2001-07-31,2,ACTIVE,2026-06-04 17:09:52.588481
527,527,STU-100527,2004-11-09,3,ACTIVE,2026-06-04 17:09:52.588500
528,528,STU-100528,2006-07-18,2,SUSPENDED,2026-06-04 17:09:52.588526
529,529,STU-100529,2000-07-10,1,DROPPED,2026-06-04 17:09:52.588549
530,530,STU-100530,2001-11-18,3,ACTIVE,2026-06-04 17:09:52.588569
531,531,STU-100531,2007-02-20,1,SUSPENDED,2026-06-04 17:09:52.588589
532,532,STU-100532,2005-05-14,3,ACTIVE,2026-06-04 17:09:52.588612
533,533,STU-100533,2008-02-04,3,ACTIVE,2026-06-04 17:09:52.588632
534,534,STU-100534,2001-11-06,3,ACTIVE,2026-06-04 17:09:52.588655
535,535,STU-100535,2005-10-16,3,ACTIVE,2026-06-04 17:09:52.588677
536,536,STU-100536,2005-11-06,2,ACTIVE,2026-06-04 17:09:52.588697
537,537,STU-100537,2000-10-09,3,ACTIVE,2026-06-04 17:09:52.588719
538,538,STU-100538,2004-07-12,2,ACTIVE,2026-06-04 17:09:52.588742
539,539,STU-100539,2001-01-19,2,ACTIVE,2026-06-04 17:09:52.588761
540,540,STU-100540,2005-04-12,2,ACTIVE,2026-06-04 17:09:52.588784
541,541,STU-100541,2007-07-07,2,ACTIVE,2026-06-04 17:09:52.588804
542,542,STU-100542,2002-03-12,3,ACTIVE,2026-06-04 17:09:52.588824
543,543,STU-100543,2004-07-29,2,ACTIVE,2026-06-04 17:09:52.588847
544,544,STU-100544,2007-05-11,1,ACTIVE,2026-06-04 17:09:52.588867
545,545,STU-100545,2003-12-18,2,ACTIVE,2026-06-04 17:09:52.588894
546,546,STU-100546,2001-11-26,2,ACTIVE,2026-06-04 17:09:52.588918
547,547,STU-100547,2003-10-17,2,SUSPENDED,2026-06-04 17:09:52.588939
548,548,STU-100548,2003-09-18,2,ACTIVE,2026-06-04 17:09:52.588962
549,549,STU-100549,2006-11-23,2,ACTIVE,2026-06-04 17:09:52.588983
550,550,STU-100550,2000-10-17,3,ACTIVE,2026-06-04 17:09:52.589004
551,551,STU-100551,2006-06-12,2,ACTIVE,2026-06-04 17:09:52.589025
552,552,STU-100552,2005-11-27,1,ACTIVE,2026-06-04 17:09:52.589045
553,553,STU-100553,2005-03-21,1,ACTIVE,2026-06-04 17:09:52.589066
554,554,STU-100554,2000-09-11,1,ACTIVE,2026-06-04 17:09:52.589087
555,555,STU-100555,2007-08-19,2,ACTIVE,2026-06-04 17:09:52.589108
556,556,STU-100556,2001-01-23,1,ACTIVE,2026-06-04 17:09:52.589131
557,557,STU-100557,2003-01-10,3,ACTIVE,2026-06-04 17:09:52.589151
558,558,STU-100558,2001-03-08,3,SUSPENDED,2026-06-04 17:09:52.589172
559,559,STU-100559,2005-01-03,1,DROPPED,2026-06-04 17:09:52.589192
560,560,STU-100560,2003-05-24,2,ACTIVE,2026-06-04 17:09:52.589214
561,561,STU-100561,2004-06-23,1,ACTIVE,2026-06-04 17:09:52.589239
562,562,STU-100562,2003-06-08,3,ACTIVE,2026-06-04 17:09:52.589260
563,563,STU-100563,2000-12-13,2,ACTIVE,2026-06-04 17:09:52.589280
564,564,STU-100564,2002-06-04,1,ACTIVE,2026-06-04 17:09:52.589300
565,565,STU-100565,2007-09-13,1,ACTIVE,2026-06-04 17:09:52.589322
566,566,STU-100566,2005-08-26,2,ACTIVE,2026-06-04 17:09:52.589343
567,567,STU-100567,2007-05-10,1,ACTIVE,2026-06-04 17:09:52.589366
568,568,STU-100568,2005-11-17,3,ACTIVE,2026-06-04 17:09:52.589386
569,569,STU-100569,2007-01-07,3,ACTIVE,2026-06-04 17:09:52.589408
570,570,STU-100570,2001-05-26,2,ACTIVE,2026-06-04 17:09:52.589430
571,571,STU-100571,2008-03-11,2,ACTIVE,2026-06-04 17:09:52.589449
572,572,STU-100572,2001-10-23,1,ACTIVE,2026-06-04 17:09:52.589472
573,573,STU-100573,2001-04-02,1,ACTIVE,2026-06-04 17:09:52.589496
574,574,STU-100574,2004-11-06,1,ACTIVE,2026-06-04 17:09:52.589516
575,575,STU-100575,2000-12-10,2,ACTIVE,2026-06-04 17:09:52.589539
576,576,STU-100576,2005-05-05,3,ACTIVE,2026-06-04 17:09:52.589564
577,577,STU-100577,2005-03-26,3,ACTIVE,2026-06-04 17:09:52.589589
578,578,STU-100578,2004-12-10,3,ACTIVE,2026-06-04 17:09:52.589611
579,579,STU-100579,2001-02-06,3,ACTIVE,2026-06-04 17:09:52.589631
580,580,STU-100580,2007-02-07,1,ACTIVE,2026-06-04 17:09:52.589652
581,581,STU-100581,2005-06-17,3,SUSPENDED,2026-06-04 17:09:52.589678
582,582,STU-100582,2002-01-05,2,ACTIVE,2026-06-04 17:09:52.589698
583,583,STU-100583,2007-08-12,2,ACTIVE,2026-06-04 17:09:52.589718
584,584,STU-100584,2008-04-26,3,DROPPED,2026-06-04 17:09:52.589744
585,585,STU-100585,2000-10-03,1,ACTIVE,2026-06-04 17:09:52.589767
586,586,STU-100586,2005-05-11,1,ACTIVE,2026-06-04 17:09:52.589786
587,587,STU-100587,2005-10-07,2,ACTIVE,2026-06-04 17:09:52.589809
588,588,STU-100588,2001-04-30,2,ACTIVE,2026-06-04 17:09:52.589832
589,589,STU-100589,2001-11-26,3,ACTIVE,2026-06-04 17:09:52.589854
590,590,STU-100590,2007-06-07,3,ACTIVE,2026-06-04 17:09:52.589876
591,591,STU-100591,2002-02-04,3,ACTIVE,2026-06-04 17:09:52.589899
592,592,STU-100592,2003-06-16,3,ACTIVE,2026-06-04 17:09:52.589921
593,593,STU-100593,2006-09-05,2,ACTIVE,2026-06-04 17:09:52.589944
594,594,STU-100594,2006-03-17,2,ACTIVE,2026-06-04 17:09:52.589965
595,595,STU-100595,2007-06-30,1,ACTIVE,2026-06-04 17:09:52.589987
596,596,STU-100596,2006-03-08,3,ACTIVE,2026-06-04 17:09:52.590009
597,597,STU-100597,2008-04-05,3,ACTIVE,2026-06-04 17:09:52.590029
598,598,STU-100598,2003-11-02,3,ACTIVE,2026-06-04 17:09:52.590048
599,599,STU-100599,2002-09-01,2,ACTIVE,2026-06-04 17:09:52.590068
600,600,STU-100600,2004-08-13,3,ACTIVE,2026-06-04 17:09:52.590087
601,601,STU-100601,2005-01-15,1,ACTIVE,2026-06-04 17:09:52.590107
602,602,STU-100602,2007-05-03,1,ACTIVE,2026-06-04 17:09:52.590127
603,603,STU-100603,2000-08-26,3,ACTIVE,2026-06-04 17:09:52.590146
604,604,STU-100604,2003-12-06,1,ACTIVE,2026-06-04 17:09:52.590168
605,605,STU-100605,2007-11-07,3,ACTIVE,2026-06-04 17:09:52.590188
606,606,STU-100606,2006-01-06,1,ACTIVE,2026-06-04 17:09:52.590211
607,607,STU-100607,2006-05-31,1,ACTIVE,2026-06-04 17:09:52.590234
608,608,STU-100608,2000-11-16,1,ACTIVE,2026-06-04 17:09:52.590257
609,609,STU-100609,2004-06-22,2,ACTIVE,2026-06-04 17:09:52.590276
610,610,STU-100610,2006-12-18,1,ACTIVE,2026-06-04 17:09:52.590296
611,611,STU-100611,2004-07-19,2,ACTIVE,2026-06-04 17:09:52.590316
612,612,STU-100612,2006-12-27,1,ACTIVE,2026-06-04 17:09:52.590335
613,613,STU-100613,2002-11-23,2,ACTIVE,2026-06-04 17:09:52.590355
614,614,STU-100614,2001-02-24,3,ACTIVE,2026-06-04 17:09:52.590380
615,615,STU-100615,2003-01-24,1,ACTIVE,2026-06-04 17:09:52.590402
616,616,STU-100616,2001-02-13,3,ACTIVE,2026-06-04 17:09:52.590422
617,617,STU-100617,2002-10-05,2,DROPPED,2026-06-04 17:09:52.590444
618,618,STU-100618,2006-01-25,3,ACTIVE,2026-06-04 17:09:52.590464
619,619,STU-100619,2006-01-22,3,ACTIVE,2026-06-04 17:09:52.590484
620,620,STU-100620,2006-12-24,2,ACTIVE,2026-06-04 17:09:52.590503
621,621,STU-100621,2006-12-13,1,ACTIVE,2026-06-04 17:09:52.590524
622,622,STU-100622,2003-08-25,3,ACTIVE,2026-06-04 17:09:52.590544
623,623,STU-100623,2005-11-05,3,ACTIVE,2026-06-04 17:09:52.590564
624,624,STU-100624,2005-08-31,2,ACTIVE,2026-06-04 17:09:52.590607
625,625,STU-100625,2006-08-12,3,ACTIVE,2026-06-04 17:09:52.590632
626,626,STU-100626,2007-01-08,2,ACTIVE,2026-06-04 17:09:52.590652
627,627,STU-100627,2000-10-27,3,ACTIVE,2026-06-04 17:09:52.590674
628,628,STU-100628,2004-08-02,1,ACTIVE,2026-06-04 17:09:52.590694
629,629,STU-100629,2004-10-06,3,SUSPENDED,2026-06-04 17:09:52.590714
630,630,STU-100630,2008-04-18,1,ACTIVE,2026-06-04 17:09:52.590734
631,631,STU-100631,2003-01-24,3,ACTIVE,2026-06-04 17:09:52.590754
632,632,STU-100632,2006-10-13,1,ACTIVE,2026-06-04 17:09:52.590773
633,633,STU-100633,2003-10-12,2,DROPPED,2026-06-04 17:09:52.590796
634,634,STU-100634,2006-04-07,2,ACTIVE,2026-06-04 17:09:52.590815
635,635,STU-100635,2001-04-09,1,DROPPED,2026-06-04 17:09:52.590835
636,636,STU-100636,2003-07-07,3,ACTIVE,2026-06-04 17:09:52.590857
637,637,STU-100637,2003-07-06,1,ACTIVE,2026-06-04 17:09:52.590877
638,638,STU-100638,2006-01-13,2,ACTIVE,2026-06-04 17:09:52.590897
639,639,STU-100639,2001-03-04,2,ACTIVE,2026-06-04 17:09:52.590923
640,640,STU-100640,2006-09-26,1,ACTIVE,2026-06-04 17:09:52.590943
641,641,STU-100641,2006-06-16,3,ACTIVE,2026-06-04 17:09:52.590968
642,642,STU-100642,2007-06-08,1,ACTIVE,2026-06-04 17:09:52.590987
643,643,STU-100643,2002-08-13,2,ACTIVE,2026-06-04 17:09:52.591008
644,644,STU-100644,2001-03-24,2,ACTIVE,2026-06-04 17:09:52.591030
645,645,STU-100645,2004-06-27,2,ACTIVE,2026-06-04 17:09:52.591050
646,646,STU-100646,2002-08-22,3,ACTIVE,2026-06-04 17:09:52.591072
647,647,STU-100647,2004-12-27,2,ACTIVE,2026-06-04 17:09:52.591091
648,648,STU-100648,2003-07-14,1,ACTIVE,2026-06-04 17:09:52.591111
649,649,STU-100649,2007-02-13,2,ACTIVE,2026-06-04 17:09:52.591130
650,650,STU-100650,2003-07-07,3,ACTIVE,2026-06-04 17:09:52.591150
651,651,STU-100651,2004-12-09,2,ACTIVE,2026-06-04 17:09:52.591172
652,652,STU-100652,2003-05-20,2,SUSPENDED,2026-06-04 17:09:52.591192
653,653,STU-100653,2005-12-14,3,SUSPENDED,2026-06-04 17:09:52.591211
654,654,STU-100654,2000-11-25,2,ACTIVE,2026-06-04 17:09:52.591233
655,655,STU-100655,2006-01-06,1,ACTIVE,2026-06-04 17:09:52.591260
656,656,STU-100656,2002-10-12,1,ACTIVE,2026-06-04 17:09:52.591283
657,657,STU-100657,2007-10-26,3,ACTIVE,2026-06-04 17:09:52.591302
658,658,STU-100658,2001-01-10,2,ACTIVE,2026-06-04 17:09:52.591322
659,659,STU-100659,2003-10-28,3,ACTIVE,2026-06-04 17:09:52.591344
660,660,STU-100660,2001-04-17,2,ACTIVE,2026-06-04 17:09:52.591366
661,661,STU-100661,2002-05-22,3,ACTIVE,2026-06-04 17:09:52.591392
662,662,STU-100662,2001-01-07,3,ACTIVE,2026-06-04 17:09:52.591414
663,663,STU-100663,2007-04-26,3,ACTIVE,2026-06-04 17:09:52.591433
664,664,STU-100664,2004-10-27,2,ACTIVE,2026-06-04 17:09:52.591458
665,665,STU-100665,2002-01-11,2,ACTIVE,2026-06-04 17:09:52.591480
666,666,STU-100666,2004-10-23,2,ACTIVE,2026-06-04 17:09:52.591501
667,667,STU-100667,2006-09-06,1,ACTIVE,2026-06-04 17:09:52.591523
668,668,STU-100668,2001-07-14,2,ACTIVE,2026-06-04 17:09:52.591543
669,669,STU-100669,2002-05-01,2,ACTIVE,2026-06-04 17:09:52.591568
670,670,STU-100670,2001-02-11,2,SUSPENDED,2026-06-04 17:09:52.591588
671,671,STU-100671,2002-08-05,2,ACTIVE,2026-06-04 17:09:52.591610
672,672,STU-100672,2001-03-06,2,ACTIVE,2026-06-04 17:09:52.591632
673,673,STU-100673,2004-04-29,1,ACTIVE,2026-06-04 17:09:52.591652
674,674,STU-100674,2008-04-27,3,ACTIVE,2026-06-04 17:09:52.591672
675,675,STU-100675,2004-12-25,2,ACTIVE,2026-06-04 17:09:52.591697
676,676,STU-100676,2000-11-07,3,ACTIVE,2026-06-04 17:09:52.591719
677,677,STU-100677,2006-02-01,3,ACTIVE,2026-06-04 17:09:52.591739
678,678,STU-100678,2006-08-19,2,ACTIVE,2026-06-04 17:09:52.591763
679,679,STU-100679,2001-10-31,1,ACTIVE,2026-06-04 17:09:52.591786
680,680,STU-100680,2003-08-22,1,ACTIVE,2026-06-04 17:09:52.591805
681,681,STU-100681,2003-06-29,2,ACTIVE,2026-06-04 17:09:52.591829
682,682,STU-100682,2005-06-23,3,ACTIVE,2026-06-04 17:09:52.591849
683,683,STU-100683,2002-08-21,1,ACTIVE,2026-06-04 17:09:52.591869
684,684,STU-100684,2006-02-15,1,ACTIVE,2026-06-04 17:09:52.591894
685,685,STU-100685,2008-04-25,1,ACTIVE,2026-06-04 17:09:52.591919
686,686,STU-100686,2007-02-28,1,DROPPED,2026-06-04 17:09:52.591939
687,687,STU-100687,2006-04-28,3,ACTIVE,2026-06-04 17:09:52.591961
688,688,STU-100688,2004-04-18,2,ACTIVE,2026-06-04 17:09:52.591980
689,689,STU-100689,2008-05-10,3,DROPPED,2026-06-04 17:09:52.592003
690,690,STU-100690,2003-11-19,3,ACTIVE,2026-06-04 17:09:52.592025
691,691,STU-100691,2004-08-14,3,ACTIVE,2026-06-04 17:09:52.592044
692,692,STU-100692,2002-04-06,3,SUSPENDED,2026-06-04 17:09:52.592069
693,693,STU-100693,2005-08-02,3,ACTIVE,2026-06-04 17:09:52.592092
694,694,STU-100694,2003-03-05,1,ACTIVE,2026-06-04 17:09:52.592111
695,695,STU-100695,2001-06-16,1,ACTIVE,2026-06-04 17:09:52.592134
696,696,STU-100696,2007-08-28,1,ACTIVE,2026-06-04 17:09:52.592155
697,697,STU-100697,2004-09-24,2,ACTIVE,2026-06-04 17:09:52.592174
698,698,STU-100698,2003-09-21,2,ACTIVE,2026-06-04 17:09:52.592194
699,699,STU-100699,2000-08-16,2,ACTIVE,2026-06-04 17:09:52.592216
700,700,STU-100700,2000-12-27,1,ACTIVE,2026-06-04 17:09:52.592235
701,701,STU-100701,2000-07-31,2,ACTIVE,2026-06-04 17:09:52.592255
702,702,STU-100702,2002-10-20,1,ACTIVE,2026-06-04 17:09:52.592275
703,703,STU-100703,2001-04-02,2,ACTIVE,2026-06-04 17:09:52.592297
704,704,STU-100704,2004-05-15,2,ACTIVE,2026-06-04 17:09:52.592319
705,705,STU-100705,2008-02-20,3,ACTIVE,2026-06-04 17:09:52.592339
706,706,STU-100706,2003-10-04,1,ACTIVE,2026-06-04 17:09:52.592359
707,707,STU-100707,2005-08-24,2,ACTIVE,2026-06-04 17:09:52.592381
708,708,STU-100708,2007-09-30,1,SUSPENDED,2026-06-04 17:09:52.592401
709,709,STU-100709,2001-08-27,1,ACTIVE,2026-06-04 17:09:52.592421
710,710,STU-100710,2000-09-24,2,ACTIVE,2026-06-04 17:09:52.592446
711,711,STU-100711,2004-05-04,2,DROPPED,2026-06-04 17:09:52.592468
712,712,STU-100712,2006-09-18,1,ACTIVE,2026-06-04 17:09:52.592488
713,713,STU-100713,2003-05-15,2,ACTIVE,2026-06-04 17:09:52.592508
714,714,STU-100714,2005-03-27,3,ACTIVE,2026-06-04 17:09:52.592528
715,715,STU-100715,2004-09-08,1,ACTIVE,2026-06-04 17:09:52.592547
716,716,STU-100716,2007-08-21,3,ACTIVE,2026-06-04 17:09:52.592567
717,717,STU-100717,2002-06-18,3,ACTIVE,2026-06-04 17:09:52.592589
718,718,STU-100718,2004-10-06,1,ACTIVE,2026-06-04 17:09:52.592608
719,719,STU-100719,2003-01-05,1,ACTIVE,2026-06-04 17:09:52.592632
720,720,STU-100720,2004-07-22,2,ACTIVE,2026-06-04 17:09:52.592652
721,721,STU-100721,2008-03-05,1,ACTIVE,2026-06-04 17:09:52.592671
722,722,STU-100722,2003-06-29,1,ACTIVE,2026-06-04 17:09:52.592691
723,723,STU-100723,2007-10-05,3,ACTIVE,2026-06-04 17:09:52.592710
724,724,STU-100724,2001-07-26,3,ACTIVE,2026-06-04 17:09:52.592735
725,725,STU-100725,2006-02-28,2,ACTIVE,2026-06-04 17:09:52.592758
726,726,STU-100726,2003-05-26,1,ACTIVE,2026-06-04 17:09:52.592778
727,727,STU-100727,2003-09-23,2,ACTIVE,2026-06-04 17:09:52.592797
728,728,STU-100728,2005-03-22,2,ACTIVE,2026-06-04 17:09:52.592816
729,729,STU-100729,2002-07-06,2,ACTIVE,2026-06-04 17:09:52.592839
730,730,STU-100730,2000-08-05,1,ACTIVE,2026-06-04 17:09:52.592858
731,731,STU-100731,2001-02-23,3,ACTIVE,2026-06-04 17:09:52.592878
732,732,STU-100732,2002-10-24,3,ACTIVE,2026-06-04 17:09:52.592901
733,733,STU-100733,2004-01-07,1,ACTIVE,2026-06-04 17:09:52.592923
734,734,STU-100734,2007-11-11,2,ACTIVE,2026-06-04 17:09:52.592943
735,735,STU-100735,2007-02-08,2,ACTIVE,2026-06-04 17:09:52.592962
736,736,STU-100736,2001-10-02,1,ACTIVE,2026-06-04 17:09:52.592982
737,737,STU-100737,2007-08-20,1,ACTIVE,2026-06-04 17:09:52.593002
738,738,STU-100738,2005-09-08,2,ACTIVE,2026-06-04 17:09:52.593022
739,739,STU-100739,2007-10-18,3,ACTIVE,2026-06-04 17:09:52.593042
740,740,STU-100740,2000-06-12,1,ACTIVE,2026-06-04 17:09:52.593063
741,741,STU-100741,2001-04-15,2,ACTIVE,2026-06-04 17:09:52.593083
742,742,STU-100742,2005-08-10,2,SUSPENDED,2026-06-04 17:09:52.593102
743,743,STU-100743,2006-10-15,2,SUSPENDED,2026-06-04 17:09:52.593127
744,744,STU-100744,2004-12-08,2,ACTIVE,2026-06-04 17:09:52.593147
745,745,STU-100745,2004-05-17,3,ACTIVE,2026-06-04 17:09:52.593167
746,746,STU-100746,2007-01-29,2,ACTIVE,2026-06-04 17:09:52.593188
747,747,STU-100747,2008-04-01,3,ACTIVE,2026-06-04 17:09:52.593207
748,748,STU-100748,2001-12-03,3,ACTIVE,2026-06-04 17:09:52.593227
749,749,STU-100749,2008-03-01,2,ACTIVE,2026-06-04 17:09:52.593246
750,750,STU-100750,2006-05-14,3,ACTIVE,2026-06-04 17:09:52.593265
751,751,STU-100751,2008-01-01,3,ACTIVE,2026-06-04 17:09:52.593288
752,752,STU-100752,2001-04-20,2,ACTIVE,2026-06-04 17:09:52.593308
753,753,STU-100753,2005-01-03,1,ACTIVE,2026-06-04 17:09:52.593331
754,754,STU-100754,2008-04-15,2,ACTIVE,2026-06-04 17:09:52.593353
755,755,STU-100755,2001-03-28,2,ACTIVE,2026-06-04 17:09:52.593372
756,756,STU-100756,2002-02-28,1,ACTIVE,2026-06-04 17:09:52.593391
757,757,STU-100757,2003-01-10,1,ACTIVE,2026-06-04 17:09:52.593411
758,758,STU-100758,2005-12-31,3,ACTIVE,2026-06-04 17:09:52.593430
759,759,STU-100759,2000-08-09,3,ACTIVE,2026-06-04 17:09:52.593449
760,760,STU-100760,2001-08-16,2,ACTIVE,2026-06-04 17:09:52.593469
761,761,STU-100761,2003-08-30,2,ACTIVE,2026-06-04 17:09:52.593488
762,762,STU-100762,2001-05-20,1,ACTIVE,2026-06-04 17:09:52.593517
763,763,STU-100763,2001-10-01,2,ACTIVE,2026-06-04 17:09:52.593540
764,764,STU-100764,2005-12-21,1,ACTIVE,2026-06-04 17:09:52.593560
765,765,STU-100765,2002-04-20,3,SUSPENDED,2026-06-04 17:09:52.593579
766,766,STU-100766,2007-02-14,2,ACTIVE,2026-06-04 17:09:52.593601
767,767,STU-100767,2006-06-27,2,ACTIVE,2026-06-04 17:09:52.593621
768,768,STU-100768,2006-10-19,3,SUSPENDED,2026-06-04 17:09:52.593643
769,769,STU-100769,2006-09-16,1,ACTIVE,2026-06-04 17:09:52.593663
770,770,STU-100770,2005-05-07,3,ACTIVE,2026-06-04 17:09:52.593685
771,771,STU-100771,2004-02-01,1,ACTIVE,2026-06-04 17:09:52.593707
772,772,STU-100772,2001-06-22,3,ACTIVE,2026-06-04 17:09:52.593727
773,773,STU-100773,2008-05-12,1,ACTIVE,2026-06-04 17:09:52.593746
774,774,STU-100774,2007-06-22,1,ACTIVE,2026-06-04 17:09:52.593769
775,775,STU-100775,2002-06-20,2,ACTIVE,2026-06-04 17:09:52.593793
776,776,STU-100776,2005-09-05,2,ACTIVE,2026-06-04 17:09:52.593813
777,777,STU-100777,2004-08-14,3,ACTIVE,2026-06-04 17:09:52.593836
778,778,STU-100778,2004-11-26,2,SUSPENDED,2026-06-04 17:09:52.593859
779,779,STU-100779,2001-11-22,2,ACTIVE,2026-06-04 17:09:52.593879
780,780,STU-100780,2001-12-20,2,ACTIVE,2026-06-04 17:09:52.593904
781,781,STU-100781,2007-03-26,1,ACTIVE,2026-06-04 17:09:52.593924
782,782,STU-100782,2003-08-20,3,SUSPENDED,2026-06-04 17:09:52.593944
783,783,STU-100783,2006-04-29,3,ACTIVE,2026-06-04 17:09:52.593968
784,784,STU-100784,2006-04-30,1,ACTIVE,2026-06-04 17:09:52.593988
785,785,STU-100785,2001-02-22,2,ACTIVE,2026-06-04 17:09:52.594008
786,786,STU-100786,2005-11-01,2,ACTIVE,2026-06-04 17:09:52.594028
787,787,STU-100787,2007-05-12,1,ACTIVE,2026-06-04 17:09:52.594050
788,788,STU-100788,2005-05-30,2,ACTIVE,2026-06-04 17:09:52.594073
789,789,STU-100789,2001-04-02,3,SUSPENDED,2026-06-04 17:09:52.594095
790,790,STU-100790,2005-02-12,3,ACTIVE,2026-06-04 17:09:52.594114
791,791,STU-100791,2002-01-06,1,ACTIVE,2026-06-04 17:09:52.594134
792,792,STU-100792,2002-06-10,2,ACTIVE,2026-06-04 17:09:52.594153
793,793,STU-100793,2001-05-21,1,ACTIVE,2026-06-04 17:09:52.594173
794,794,STU-100794,2006-04-18,1,ACTIVE,2026-06-04 17:09:52.594196
795,795,STU-100795,2000-08-15,2,ACTIVE,2026-06-04 17:09:52.594217
796,796,STU-100796,2005-07-19,3,ACTIVE,2026-06-04 17:09:52.594237
797,797,STU-100797,2003-02-12,3,ACTIVE,2026-06-04 17:09:52.594261
798,798,STU-100798,2008-04-26,3,ACTIVE,2026-06-04 17:09:52.594280
799,799,STU-100799,2002-08-26,1,ACTIVE,2026-06-04 17:09:52.594300
800,800,STU-100800,2001-03-02,3,ACTIVE,2026-06-04 17:09:52.594320
801,801,STU-100801,2003-01-30,2,ACTIVE,2026-06-04 17:09:52.594339
802,802,STU-100802,2002-11-18,3,SUSPENDED,2026-06-04 17:09:52.594358
803,803,STU-100803,2008-05-12,1,ACTIVE,2026-06-04 17:09:52.594381
804,804,STU-100804,2006-01-08,1,ACTIVE,2026-06-04 17:09:52.594400
805,805,STU-100805,2004-08-21,3,ACTIVE,2026-06-04 17:09:52.594422
806,806,STU-100806,2000-11-07,1,ACTIVE,2026-06-04 17:09:52.594441
807,807,STU-100807,2003-11-20,1,ACTIVE,2026-06-04 17:09:52.594461
808,808,STU-100808,2006-09-22,3,ACTIVE,2026-06-04 17:09:52.594483
809,809,STU-100809,2008-03-20,2,SUSPENDED,2026-06-04 17:09:52.594503
810,810,STU-100810,2006-12-10,1,ACTIVE,2026-06-04 17:09:52.594525
811,811,STU-100811,2000-10-01,2,ACTIVE,2026-06-04 17:09:52.594553
812,812,STU-100812,2001-07-17,1,ACTIVE,2026-06-04 17:09:52.594572
813,813,STU-100813,2003-07-31,1,ACTIVE,2026-06-04 17:09:52.594591
814,814,STU-100814,2000-11-16,1,ACTIVE,2026-06-04 17:09:52.594614
815,815,STU-100815,2003-01-17,3,ACTIVE,2026-06-04 17:09:52.594633
816,816,STU-100816,2002-06-05,1,DROPPED,2026-06-04 17:09:52.594656
817,817,STU-100817,2002-01-11,3,ACTIVE,2026-06-04 17:09:52.594678
818,818,STU-100818,2005-08-23,1,ACTIVE,2026-06-04 17:09:52.594697
819,819,STU-100819,2007-07-06,2,ACTIVE,2026-06-04 17:09:52.594717
820,820,STU-100820,2005-12-11,3,ACTIVE,2026-06-04 17:09:52.594736
821,821,STU-100821,2003-09-01,1,ACTIVE,2026-06-04 17:09:52.594756
822,822,STU-100822,2005-06-30,1,ACTIVE,2026-06-04 17:09:52.594775
823,823,STU-100823,2002-09-14,3,ACTIVE,2026-06-04 17:09:52.594795
824,824,STU-100824,2001-01-19,3,ACTIVE,2026-06-04 17:09:52.594814
825,825,STU-100825,2002-04-19,1,ACTIVE,2026-06-04 17:09:52.594836
826,826,STU-100826,2006-10-18,3,ACTIVE,2026-06-04 17:09:52.594859
827,827,STU-100827,2004-08-24,3,SUSPENDED,2026-06-04 17:09:52.594880
828,828,STU-100828,2001-06-08,2,ACTIVE,2026-06-04 17:09:52.594900
829,829,STU-100829,2004-01-06,3,ACTIVE,2026-06-04 17:09:52.594920
830,830,STU-100830,2003-02-04,3,ACTIVE,2026-06-04 17:09:52.594942
831,831,STU-100831,2000-09-20,1,ACTIVE,2026-06-04 17:09:52.594962
832,832,STU-100832,2005-01-29,2,ACTIVE,2026-06-04 17:09:52.594981
833,833,STU-100833,2000-08-16,2,ACTIVE,2026-06-04 17:09:52.595000
834,834,STU-100834,2002-06-28,2,ACTIVE,2026-06-04 17:09:52.595020
835,835,STU-100835,2003-04-11,2,DROPPED,2026-06-04 17:09:52.595040
836,836,STU-100836,2007-08-17,3,ACTIVE,2026-06-04 17:09:52.595060
837,837,STU-100837,2006-08-16,1,ACTIVE,2026-06-04 17:09:52.595080
838,838,STU-100838,2002-10-10,2,ACTIVE,2026-06-04 17:09:52.595100
839,839,STU-100839,2005-07-23,2,ACTIVE,2026-06-04 17:09:52.595119
840,840,STU-100840,2004-11-18,3,ACTIVE,2026-06-04 17:09:52.595139
841,841,STU-100841,2000-12-15,1,ACTIVE,2026-06-04 17:09:52.595160
842,842,STU-100842,2005-01-18,1,ACTIVE,2026-06-04 17:09:52.595183
843,843,STU-100843,2008-03-11,1,SUSPENDED,2026-06-04 17:09:52.595203
844,844,STU-100844,2008-05-18,2,SUSPENDED,2026-06-04 17:09:52.595224
845,845,STU-100845,2006-12-02,2,ACTIVE,2026-06-04 17:09:52.595256
846,846,STU-100846,2003-02-22,1,DROPPED,2026-06-04 17:09:52.595323
847,847,STU-100847,2002-04-14,1,ACTIVE,2026-06-04 17:09:52.595358
848,848,STU-100848,2008-02-16,3,ACTIVE,2026-06-04 17:09:52.595386
849,849,STU-100849,2001-09-20,3,ACTIVE,2026-06-04 17:09:52.595411
850,850,STU-100850,2001-06-15,2,ACTIVE,2026-06-04 17:09:52.595437
851,851,STU-100851,2004-11-07,3,ACTIVE,2026-06-04 17:09:52.595460
852,852,STU-100852,2008-03-28,1,ACTIVE,2026-06-04 17:09:52.595484
853,853,STU-100853,2004-03-14,2,ACTIVE,2026-06-04 17:09:52.595509
854,854,STU-100854,2002-02-12,3,ACTIVE,2026-06-04 17:09:52.595531
855,855,STU-100855,2001-01-17,1,ACTIVE,2026-06-04 17:09:52.595552
856,856,STU-100856,2008-02-06,1,ACTIVE,2026-06-04 17:09:52.595573
857,857,STU-100857,2007-11-12,3,ACTIVE,2026-06-04 17:09:52.595593
858,858,STU-100858,2001-03-17,2,ACTIVE,2026-06-04 17:09:52.595617
859,859,STU-100859,2001-10-25,2,ACTIVE,2026-06-04 17:09:52.595637
860,860,STU-100860,2004-06-06,2,ACTIVE,2026-06-04 17:09:52.595658
861,861,STU-100861,2005-04-04,1,ACTIVE,2026-06-04 17:09:52.595681
862,862,STU-100862,2006-04-19,3,ACTIVE,2026-06-04 17:09:52.595702
863,863,STU-100863,2003-07-21,2,ACTIVE,2026-06-04 17:09:52.595723
864,864,STU-100864,2002-01-05,1,ACTIVE,2026-06-04 17:09:52.595746
865,865,STU-100865,2008-05-05,1,ACTIVE,2026-06-04 17:09:52.595766
866,866,STU-100866,2000-06-05,3,ACTIVE,2026-06-04 17:09:52.595788
867,867,STU-100867,2002-02-07,2,SUSPENDED,2026-06-04 17:09:52.595809
868,868,STU-100868,2008-03-16,1,ACTIVE,2026-06-04 17:09:52.595829
869,869,STU-100869,2001-02-24,2,ACTIVE,2026-06-04 17:09:52.595850
870,870,STU-100870,2001-06-09,1,SUSPENDED,2026-06-04 17:09:52.595873
871,871,STU-100871,2006-11-12,2,ACTIVE,2026-06-04 17:09:52.595894
872,872,STU-100872,2001-07-11,3,ACTIVE,2026-06-04 17:09:52.595915
873,873,STU-100873,2004-02-26,2,ACTIVE,2026-06-04 17:09:52.595935
874,874,STU-100874,2002-03-22,1,ACTIVE,2026-06-04 17:09:52.595955
875,875,STU-100875,2005-12-18,2,ACTIVE,2026-06-04 17:09:52.595978
876,876,STU-100876,2005-03-07,3,ACTIVE,2026-06-04 17:09:52.596000
877,877,STU-100877,2003-08-01,1,ACTIVE,2026-06-04 17:09:52.596020
878,878,STU-100878,2007-04-05,1,ACTIVE,2026-06-04 17:09:52.596043
879,879,STU-100879,2006-06-22,3,DROPPED,2026-06-04 17:09:52.596063
880,880,STU-100880,2002-04-01,2,ACTIVE,2026-06-04 17:09:52.596083
881,881,STU-100881,2003-10-20,3,DROPPED,2026-06-04 17:09:52.596108
882,882,STU-100882,2007-06-23,1,ACTIVE,2026-06-04 17:09:52.596128
883,883,STU-100883,2006-08-19,3,ACTIVE,2026-06-04 17:09:52.596151
884,884,STU-100884,2002-06-12,1,ACTIVE,2026-06-04 17:09:52.596174
885,885,STU-100885,2000-06-21,1,ACTIVE,2026-06-04 17:09:52.596194
886,886,STU-100886,2000-10-16,3,ACTIVE,2026-06-04 17:09:52.596214
887,887,STU-100887,2000-09-19,2,SUSPENDED,2026-06-04 17:09:52.596237
888,888,STU-100888,2001-10-27,3,ACTIVE,2026-06-04 17:09:52.596256
889,889,STU-100889,2001-09-07,3,ACTIVE,2026-06-04 17:09:52.596283
890,890,STU-100890,2005-07-28,1,ACTIVE,2026-06-04 17:09:52.596308
891,891,STU-100891,2001-02-10,3,ACTIVE,2026-06-04 17:09:52.596327
892,892,STU-100892,2006-09-17,2,ACTIVE,2026-06-04 17:09:52.596347
893,893,STU-100893,2005-11-23,2,ACTIVE,2026-06-04 17:09:52.596367
894,894,STU-100894,2006-05-22,1,ACTIVE,2026-06-04 17:09:52.596387
895,895,STU-100895,2008-01-20,2,ACTIVE,2026-06-04 17:09:52.596407
896,896,STU-100896,2001-06-28,3,ACTIVE,2026-06-04 17:09:52.596427
897,897,STU-100897,2002-04-24,3,ACTIVE,2026-06-04 17:09:52.596447
898,898,STU-100898,2005-12-02,2,ACTIVE,2026-06-04 17:09:52.596467
899,899,STU-100899,2008-01-22,2,SUSPENDED,2026-06-04 17:09:52.596489
900,900,STU-100900,2000-08-19,2,DROPPED,2026-06-04 17:09:52.596514
901,901,STU-100901,2001-01-22,3,ACTIVE,2026-06-04 17:09:52.596534
902,902,STU-100902,2005-08-12,3,ACTIVE,2026-06-04 17:09:52.596557
903,903,STU-100903,2001-01-27,1,ACTIVE,2026-06-04 17:09:52.596577
904,904,STU-100904,2002-04-24,2,ACTIVE,2026-06-04 17:09:52.596597
905,905,STU-100905,2004-07-01,1,ACTIVE,2026-06-04 17:09:52.596616
906,906,STU-100906,2001-05-06,3,ACTIVE,2026-06-04 17:09:52.596636
907,907,STU-100907,2008-02-08,2,ACTIVE,2026-06-04 17:09:52.596656
908,908,STU-100908,2000-10-26,2,ACTIVE,2026-06-04 17:09:52.596676
909,909,STU-100909,2008-05-21,2,ACTIVE,2026-06-04 17:09:52.596699
910,910,STU-100910,2000-07-04,1,ACTIVE,2026-06-04 17:09:52.596722
911,911,STU-100911,2005-09-05,1,ACTIVE,2026-06-04 17:09:52.596747
912,912,STU-100912,2005-05-16,1,ACTIVE,2026-06-04 17:09:52.596771
913,913,STU-100913,2006-02-11,1,ACTIVE,2026-06-04 17:09:52.596794
914,914,STU-100914,2002-02-21,2,ACTIVE,2026-06-04 17:09:52.596814
915,915,STU-100915,2000-07-07,2,ACTIVE,2026-06-04 17:09:52.596837
916,916,STU-100916,2000-11-25,2,ACTIVE,2026-06-04 17:09:52.596860
917,917,STU-100917,2004-11-16,3,ACTIVE,2026-06-04 17:09:52.596883
918,918,STU-100918,2004-07-25,1,ACTIVE,2026-06-04 17:09:52.596902
919,919,STU-100919,2008-01-30,2,ACTIVE,2026-06-04 17:09:52.596922
920,920,STU-100920,2001-01-11,2,ACTIVE,2026-06-04 17:09:52.596942
921,921,STU-100921,2006-06-22,2,ACTIVE,2026-06-04 17:09:52.596968
922,922,STU-100922,2004-07-19,1,DROPPED,2026-06-04 17:09:52.596990
923,923,STU-100923,2004-05-28,2,ACTIVE,2026-06-04 17:09:52.597013
924,924,STU-100924,2003-09-13,3,SUSPENDED,2026-06-04 17:09:52.597035
925,925,STU-100925,2003-02-14,3,DROPPED,2026-06-04 17:09:52.597058
926,926,STU-100926,2007-11-19,1,ACTIVE,2026-06-04 17:09:52.597080
927,927,STU-100927,2007-03-14,2,ACTIVE,2026-06-04 17:09:52.597103
928,928,STU-100928,2003-08-14,2,ACTIVE,2026-06-04 17:09:52.597122
929,929,STU-100929,2008-01-17,1,ACTIVE,2026-06-04 17:09:52.597145
930,930,STU-100930,2007-10-15,3,ACTIVE,2026-06-04 17:09:52.597165
931,931,STU-100931,2005-08-01,2,ACTIVE,2026-06-04 17:09:52.597185
932,932,STU-100932,2003-07-28,1,ACTIVE,2026-06-04 17:09:52.597205
933,933,STU-100933,2002-10-06,1,ACTIVE,2026-06-04 17:09:52.597224
934,934,STU-100934,2000-06-15,3,ACTIVE,2026-06-04 17:09:52.597247
935,935,STU-100935,2007-07-16,2,ACTIVE,2026-06-04 17:09:52.597269
936,936,STU-100936,2006-09-14,2,ACTIVE,2026-06-04 17:09:52.597292
937,937,STU-100937,2003-01-27,3,ACTIVE,2026-06-04 17:09:52.597314
938,938,STU-100938,2006-05-02,2,ACTIVE,2026-06-04 17:09:52.597338
939,939,STU-100939,2007-01-27,3,ACTIVE,2026-06-04 17:09:52.597357
940,940,STU-100940,2002-08-14,2,ACTIVE,2026-06-04 17:09:52.597382
941,941,STU-100941,2001-04-21,3,ACTIVE,2026-06-04 17:09:52.597402
942,942,STU-100942,2006-02-25,2,ACTIVE,2026-06-04 17:09:52.597422
943,943,STU-100943,2002-12-01,3,ACTIVE,2026-06-04 17:09:52.597442
944,944,STU-100944,2000-10-05,2,ACTIVE,2026-06-04 17:09:52.597464
945,945,STU-100945,2000-11-20,3,ACTIVE,2026-06-04 17:09:52.597486
946,946,STU-100946,2005-03-04,2,ACTIVE,2026-06-04 17:09:52.597509
947,947,STU-100947,2006-05-24,1,ACTIVE,2026-06-04 17:09:52.597531
948,948,STU-100948,2001-10-15,3,ACTIVE,2026-06-04 17:09:52.597554
949,949,STU-100949,2007-01-11,3,ACTIVE,2026-06-04 17:09:52.597574
950,950,STU-100950,2006-01-03,2,DROPPED,2026-06-04 17:09:52.597594
951,951,STU-100951,2000-11-21,2,ACTIVE,2026-06-04 17:09:52.597614
952,952,STU-100952,2007-05-11,2,ACTIVE,2026-06-04 17:09:52.597633
953,953,STU-100953,2007-07-24,2,ACTIVE,2026-06-04 17:09:52.597653
954,954,STU-100954,2001-06-05,1,ACTIVE,2026-06-04 17:09:52.597673
955,955,STU-100955,2007-06-27,3,SUSPENDED,2026-06-04 17:09:52.597692
956,956,STU-100956,2005-03-23,3,ACTIVE,2026-06-04 17:09:52.597712
957,957,STU-100957,2002-02-23,1,ACTIVE,2026-06-04 17:09:52.597732
958,958,STU-100958,2003-04-14,3,ACTIVE,2026-06-04 17:09:52.597751
959,959,STU-100959,2000-12-26,3,DROPPED,2026-06-04 17:09:52.597771
960,960,STU-100960,2003-02-20,2,ACTIVE,2026-06-04 17:09:52.597793
961,961,STU-100961,2000-10-10,2,ACTIVE,2026-06-04 17:09:52.597813
962,962,STU-100962,2006-03-12,1,ACTIVE,2026-06-04 17:09:52.597833
963,963,STU-100963,2002-05-23,1,ACTIVE,2026-06-04 17:09:52.597859
964,964,STU-100964,2000-06-17,2,ACTIVE,2026-06-04 17:09:52.597881
965,965,STU-100965,2007-03-15,2,ACTIVE,2026-06-04 17:09:52.597904
966,966,STU-100966,2007-02-17,1,ACTIVE,2026-06-04 17:09:52.597924
967,967,STU-100967,2005-08-02,1,ACTIVE,2026-06-04 17:09:52.597949
968,968,STU-100968,2006-10-20,2,ACTIVE,2026-06-04 17:09:52.597969
969,969,STU-100969,2001-11-06,2,SUSPENDED,2026-06-04 17:09:52.597990
970,970,STU-100970,2005-07-11,3,ACTIVE,2026-06-04 17:09:52.598010
971,971,STU-100971,2003-04-13,2,ACTIVE,2026-06-04 17:09:52.598030
972,972,STU-100972,2006-07-15,3,ACTIVE,2026-06-04 17:09:52.598050
973,973,STU-100973,2001-09-25,1,ACTIVE,2026-06-04 17:09:52.598070
974,974,STU-100974,2000-12-10,2,ACTIVE,2026-06-04 17:09:52.598098
975,975,STU-100975,2000-11-09,3,ACTIVE,2026-06-04 17:09:52.598120
976,976,STU-100976,2006-12-16,2,ACTIVE,2026-06-04 17:09:52.598140
977,977,STU-100977,2007-10-25,3,ACTIVE,2026-06-04 17:09:52.598159
978,978,STU-100978,2008-01-15,2,ACTIVE,2026-06-04 17:09:52.598182
979,979,STU-100979,2006-04-26,1,ACTIVE,2026-06-04 17:09:52.598201
980,980,STU-100980,2001-08-06,3,ACTIVE,2026-06-04 17:09:52.598221
981,981,STU-100981,2003-09-06,2,ACTIVE,2026-06-04 17:09:52.598241
982,982,STU-100982,2004-03-17,3,ACTIVE,2026-06-04 17:09:52.598260
983,983,STU-100983,2005-03-25,3,ACTIVE,2026-06-04 17:09:52.598280
984,984,STU-100984,2001-08-19,3,ACTIVE,2026-06-04 17:09:52.598302
985,985,STU-100985,2003-01-01,2,DROPPED,2026-06-04 17:09:52.598325
986,986,STU-100986,2001-08-14,3,ACTIVE,2026-06-04 17:09:52.598347
987,987,STU-100987,2006-04-28,2,DROPPED,2026-06-04 17:09:52.598367
988,988,STU-100988,2008-01-21,2,ACTIVE,2026-06-04 17:09:52.598387
989,989,STU-100989,2004-06-24,3,ACTIVE,2026-06-04 17:09:52.598407
990,990,STU-100990,2007-09-09,3,ACTIVE,2026-06-04 17:09:52.598430
991,991,STU-100991,2004-11-07,2,ACTIVE,2026-06-04 17:09:52.598450
992,992,STU-100992,2006-06-13,1,ACTIVE,2026-06-04 17:09:52.598470
993,993,STU-100993,2003-07-21,2,SUSPENDED,2026-06-04 17:09:52.598490
994,994,STU-100994,2003-05-20,3,ACTIVE,2026-06-04 17:09:52.598510
995,995,STU-100995,2004-04-28,2,ACTIVE,2026-06-04 17:09:52.598533
996,996,STU-100996,2005-02-10,1,ACTIVE,2026-06-04 17:09:52.598558
997,997,STU-100997,2007-02-28,1,ACTIVE,2026-06-04 17:09:52.598580
998,998,STU-100998,2008-03-26,3,ACTIVE,2026-06-04 17:09:52.598600
999,999,STU-100999,2008-05-07,3,ACTIVE,2026-06-04 17:09:52.598621
1000,1000,STU-101000,2000-09-16,2,ACTIVE,2026-06-04 17:09:52.598641
